{
  "0": {
    "0": 0.9105631445,
    "1": 0.6361281449,
    "2": 2.6861347891,
    "3": -26.547362491,
    "4": 97.759208784,
    "5": -159.59154087,
    "6": 91.297774084
  },
  "1": {
    "0": -0.3084016918,
    "1": 0.1860531159,
    "2": -2.5030047259,
    "3": 21.419793629,
    "4": -65.25588533,
    "5": 83.318680481,
    "6": -33.74692293
  },
  "2": {
    "0": -0.0906148351,
    "1": 0.4527842806,
    "2": 0.5962700728,
    "3": -1.7241829131,
    "4": -4.1302112531,
    "5": 13.77663187,
    "6": 8.6728470368
  }
}