{
  "0": {
    "0": 0.7240946941,
    "1": 2.2382791861,
    "2": -4.0025849485,
    "3": -21.003576815,
    "4": 26.855641363,
    "5": 206.55133841,
    "6": -355.60235612
  },
  "1": {
    "0": -0.5755498075,
    "1": 0.6995095521,
    "2": 3.892567339,
    "3": -17.215471648,
    "4": 192.67226447,
    "5": -161.82646165,
    "6": -165.20769346
  },
  "2": {
    "0": 0.0976883116,
    "1": -0.2557574982,
    "2": -9.155856153,
    "3": 20.642075974,
    "4": -38.804430052,
    "5": 93.626774077,
    "6": -29.666905585
  }
}